Player,Projection,Sportsbook Line,Difference,Recommendation
Shai Gilgeous-Alexander,28.11,31.5,-3.3900000000000006,0
Jalen Brunson,22.87,24.5,-1.629999999999999,0
Karl-Anthony Towns,18.29,17.5,0.7899999999999991,1
Chet Holmgren,15.17,16.5,-1.33,0
OG Anunoby,16.36,14.5,1.8599999999999994,1
Mikal Bridges,12.98,13.5,-0.5199999999999996,0
Josh Hart,11.64,11.5,0.14000000000000057,1
Isaiah Joe,12.65,9.5,3.1500000000000004,1
Jared McCain,10.99,9.5,1.4900000000000002,1
Cason Wallace,12.29,9.5,2.789999999999999,1
Landry Shamet,10.38,8.5,1.8800000000000008,1
Luguentz Dort,10.6,8.5,2.0999999999999996,1
Jose Alvarado,4.5,6.5,-2.0,0
Quentin Grimes,12.81,16.5,-3.6899999999999995,0
Ace Bailey,16.79,16.5,0.28999999999999915,1
Brice Sensabaugh,14.64,15.5,-0.8599999999999994,0
Kyle Filipowski,13.27,13.5,-0.23000000000000043,0
Isaiah Collier,15.91,13.5,2.41,1
Dominick Barlow,7.42,9.5,-2.08,0
Adem Bona,6.87,5.5,1.37,1
Jaylen Wells,13.95,12.5,1.4499999999999993,1
Shai Gilgeous-Alexander,28.11,31.5,-3.3900000000000006,0
Jalen Brunson,22.87,24.5,-1.629999999999999,0
Karl-Anthony Towns,18.29,17.5,0.7899999999999991,1
Chet Holmgren,15.17,16.5,-1.33,0
OG Anunoby,16.36,14.5,1.8599999999999994,1
Mikal Bridges,12.98,13.5,-0.5199999999999996,0
Josh Hart,11.64,11.5,0.14000000000000057,1
Isaiah Joe,12.65,9.5,3.1500000000000004,1
Jared McCain,10.99,9.5,1.4900000000000002,1
Cason Wallace,12.29,9.5,2.789999999999999,1
Landry Shamet,10.38,8.5,1.8800000000000008,1
Luguentz Dort,10.6,8.5,2.0999999999999996,1
Jose Alvarado,4.5,6.5,-2.0,0
Quentin Grimes,12.81,16.5,-3.6899999999999995,0
Ace Bailey,16.79,16.5,0.28999999999999915,1
Brice Sensabaugh,14.64,15.5,-0.8599999999999994,0
Kyle Filipowski,13.27,13.5,-0.23000000000000043,0
Isaiah Collier,15.91,13.5,2.41,1
Dominick Barlow,7.42,9.5,-2.08,0
Adem Bona,6.87,5.5,1.37,1
Jaylen Wells,13.95,12.5,1.4499999999999993,1
